"","Row.names","ProE.Infected.21","ProE.Infected.22","ProE.Infected.31","ProE.Infected.32","BasoE.Infected.12","BasoE.Infected.22","BasoE.Infected.31","BasoE.Infected.32","PolyE.Infected.11","PolyE.Infected.12","PolyE.Infected.21","PolyE.Infected.22","PolyE.Infected.31","OrthoE.Infected.11","OrthoE.Infected.12","OrthoE.Infected.21","OrthoE.Infected.22","hrs_8","hrs_16","X","Former.ID","Description","PEXEL.motif","Localisation","PEXEL.PNEP"
"1","PF3D7_0102200",3474.11508449268,2649.1771316211,1806.98862421538,3537.5947373629,1808.81518527061,1703.00523650692,2067.89841657939,2108.52093529415,2526.9389578818,2267.08280913982,1911.45119281708,1490.51720979261,1808.19530316474,1392.58835287995,1334.82047887674,1381.97605567097,1014.31337381655,99.5,97.2,"134","MAL1P1.13, PFA0110w","ring-infected erythrocyte surface antigen","RNLYGE","iRBC periphery [S53]","Canonical PEXEL (RxLxE/Q/D) and Relaxed PEXEL (RxLxxE/Q/D)"
"2","PF3D7_0102600",168.940758472836,130.879279074978,8.35279795477063,45.9427887969208,124.745874846249,153.67354944811,55.0482217376459,120.817918584359,215.465531726551,207.286813685766,296.285222567986,111.621358696401,119.286561475923,254.0301684021,287.936535591034,233.513113315232,236.112068383551,41.5,85.9,"88","MAL1P1.17, PFA0130c","serine/threonine protein kinase, FIKK family (FIKK1)","RYLAE","","Canonical PEXEL (RxLxE/Q/D) and Relaxed PEXEL (RxLxxE/Q/D)"
"3","PF3D7_0104200",8.66362863963263,54.1569430655081,41.7639897738531,16.7064686534258,62.3729374231245,78.0963939818262,45.4746179571857,95.992318875244,72.6718065586593,57.8909119302591,28.8055077496653,60.2755336960567,72.0443589112013,100.706613295248,58.3487374508994,78.1670600284182,94.2191527360884,74.9,63.7,"52","MAL1P1.33, PFA0210c","StAR-related lipid transfer protein","RILKE","PV, iRBC [S16]","Canonical PEXEL (RxLxE/Q/D) and Relaxed PEXEL (RxLxxE/Q/D)"
"4","PF3D7_0112900",43.3181431981631,22.5653929439617,8.35279795477063,104.415429083911,23.6587004018748,2.51923851554278,0,3.31007996121531,12.7494397471332,16.8070389474946,12.3452176069994,22.3242717392803,59.0527532059027,16.8012032170894,20.442749149464,8.2338897501845,18.4300937487758,33.6,0,"73","MAL1P3.05, PFA0615w","Plasmodium exported protein, unknown function","RSLAE","","Canonical PEXEL (RxLxE/Q/D) and Relaxed PEXEL (RxLxxE/Q/D)"
"5","PF3D7_0113000",1944.98462959752,1489.31593430147,1158.25464972819,889.619455794922,2363.71924924186,3494.18382105784,1448.0075717946,2489.18013083391,3369.67692516731,2196.11975580596,2325.01598265156,1977.18633370892,1861.34278105005,3466.27937509939,2647.0463402725,3113.06903674976,3031.3742973114,76.5,95.1,"89","MAL1P3.06, PFA0620c","glutamic acid-rich protein","RLLNE","","Canonical PEXEL (RxLxE/Q/D) and Relaxed PEXEL (RxLxxE/Q/D)"
"6","PF3D7_0113200",43.3181431981631,18.0523143551694,19.4898618944648,20.8830858167822,62.3729374231245,234.289181945479,0,43.031039495799,128.769341446045,263.310276844082,119.337103534328,58.787248913438,55.1159029921758,169.420516272926,117.194059901381,152.491638173417,181.291942589998,72.1,88.6,"90","MAL1P3.08, PFA0630c","Plasmodium exported protein, unknown function","RILAD","iRBC cytosol, partially localised to Maurer’s clefts [S13]","Canonical PEXEL (RxLxE/Q/D) and Relaxed PEXEL (RxLxxE/Q/D)"
"7","PF3D7_0113300",407.190546062733,266.271636738748,606.969984713332,434.36818498907,473.174008037496,221.692989367765,332.68273137099,273.081596800263,214.190587751838,229.696198949092,395.046963423981,253.752555436486,318.884867311875,182.599903227648,154.272406536846,212.544140751429,146.688501265766,91.9,86.5,"49","MAL1P3.09, PFA0635C","Plasmodium exported protein (hyp1), unknown function","RLLTE","iRBC [S32]","Canonical PEXEL (RxLxE/Q/D) and Relaxed PEXEL (RxLxxE/Q/D)"
"8","PF3D7_0113400",0,4.51307858879234,0,0,0,0,2.39340094511504,0,1.27494397471332,0,4.11507253566647,2.23242717392803,0,8.65211662676461,2.56568916450763,4.28162267009594,2.53883944498442,39.3,50.7,"66","MAL1P3.10, PFA0640C","Plasmodium exported protein, unknown function","RVLTE","","Canonical PEXEL (RxLxE/Q/D) and Relaxed PEXEL (RxLxxE/Q/D)"
"9","PF3D7_0113700",246.91341622953,176.010064962901,194.898618944648,137.828366390762,561.356436808121,576.905620059297,284.81471246869,256.531196994186,318.73599367833,407.103832283757,452.657978923312,387.698185872167,364.158644769733,338.740426538563,290.998809755124,345.603799114411,278.990245676621,88.4,85.4,"56","MAL1P4.10, PFA0660w","heat shock protein 40, type II","RCLAE","iRBC [S18]","Canonical PEXEL (RxLxE/Q/D) and Relaxed PEXEL (RxLxxE/Q/D)"
"10","PF3D7_0113900",108.295357995408,270.78471532754,161.487427125565,171.241303697614,195.721976051873,246.885374523192,311.142122864955,283.011836683909,149.168445041459,95.2398873691359,123.452176069994,72.1818119570062,67.7138236761018,108.151457834558,121.166739898038,110.992833832487,144.619817273557,99.4,97.5,"50","MAL1P4.12, PFA0670C","Plasmodium exported protein (hyp8), unknown function","RWLSE","Maurer's Clefts [S14, S15]","Canonical PEXEL (RxLxE/Q/D) and Relaxed PEXEL (RxLxxE/Q/D)"
"11","PF3D7_0114000",56.3135861576121,18.0523143551694,30.626925834159,8.35323432671288,49.4681917493746,5.03847703108556,47.8680189023008,28.1356796703301,112.195069774772,76.5653996496975,104.934349659495,55.0665369568913,52.3601078425671,65.2932987298864,106.848539076753,66.3102587881525,83.029452960046,12.3,17.2,"16","MAL1P4.13, PFA0675w","exported protein family 1","RILYS","Maurer’s Clefts [S8]","Non-canonical PEXELs (RxL, KxLxE/Q/D)"
"12","PF3D7_0201500",121.290800954857,36.1046287103387,27.8426598492354,108.592046247267,131.198247683124,103.288779137254,189.078674664088,67.8566392049138,226.940027498971,341.743125265723,238.674207068655,209.104011957925,467.697805390749,351.517389464134,270.059475606077,420.367518046086,327.792381674655,64.9,92.5,"44","PF02_0015, PFB0075c","Plasmodium exported protein (hyp9), unknown function","RSLSE","","Canonical PEXEL (RxLxE/Q/D) and Relaxed PEXEL (RxLxxE/Q/D)"
"13","PF3D7_0201600",155.945315513387,239.193165205994,373.091641979755,300.716435761664,619.427792339995,330.020245536104,370.977146492831,610.709752844224,568.625012722141,377.224651932656,508.211458154809,449.462004350843,459.03673492055,598.002107319637,513.717182067705,717.665830626081,599.542233378543,63.7,83.4,"17","PF02_0016, PFB0080c","PHISTb domain-containing RESA-like protein 1","RNLSS","iRBC cytosol, iRBC periphery [S7]","Non-canonical PEXELs (RxL, KxLxE/Q/D)"
"14","PF3D7_0201700",766.731134607487,1313.30586933857,982.845892678011,910.502541611704,840.959259739369,1367.94651393973,713.233481644282,582.574073173894,473.004214618642,681.618801759502,701.619867331134,646.659738047818,433.840893552698,330.49073394095,448.912839622238,353.069192487911,319.893770068037,92.3,80.5,"8","PF02_0017, PFB0085C","DnaJ protein, putative","RQLSE","","Canonical PEXEL (RxLxE/Q/D) and Relaxed PEXEL (RxLxxE/Q/D)"
"15","PF3D7_0201800",931.340078760507,424.22938734648,506.736409256085,1282.22146915043,825.903723119994,501.328464593013,1002.8349960032,1029.43486793796,943.458541287858,605.053402109804,825.072043401128,690.564139135069,661.39083590611,997.609168267417,808.02655848671,1087.86151379438,853.896333329759,91.8,93.8,"93","PF02_0018, PFB0090c","knob associated heat shock protein 40","RNLAQ","PVM, iRBC cytosol [S40]","Canonical PEXEL (RxLxE/Q/D) and Relaxed PEXEL (RxLxxE/Q/D)"
"16","PF3D7_0201900",1295.21248162508,1173.40043308601,1169.39171366789,977.328416225407,1838.92625850936,2085.92949086942,1498.26899164201,1794.0633389787,2744.95437755778,2502.38135440475,2384.68453441872,1575.34944240188,2405.4154805871,3409.43698098169,3184.43407398696,3268.85423082325,3455.64257789546,57.1,91.9,"94","PF02_0019, PFB0095c","erythrocyte membrane protein 3","RSLAQ","iRBC periphery (Knobs) [S40]","Canonical PEXEL (RxLxE/Q/D) and Relaxed PEXEL (RxLxxE/Q/D)"
"17","PF3D7_0202000",43846.6245451807,38180.6448611832,39957.0011496378,33713.6537426132,44058.9525211278,39967.7190490862,39907.5673588482,35358.2741457019,67788.7711355073,35552.4897202668,35593.3198972472,27039.1579306163,21955.0262719119,62646.1534661256,35641.9745241738,74733.1986470012,55664.9951421889,100,100,"95","PF02_0020, PFB0100C","knob-associated histidine-rich protein","RTLAQ","iRBC periphery (Knobs) [S43]","Canonical PEXEL (RxLxE/Q/D) and Relaxed PEXEL (RxLxxE/Q/D)"
"18","PF3D7_0204100",4.33181431981631,0,2.78426598492354,0,25.8094913474998,17.6346696087995,76.5888302436812,39.7209595345837,53.5476469379595,26.1442828072138,415.622326102314,72.9259543483155,54.3285329494305,52.7175478188913,101.551632414544,67.1885403615055,63.3769550340555,37.5,30.3,"10","PF02_0039, PFB0190c","conserved Plasmodium protein, unknown function","","iRBC cytosol [S20","PNEP"
"19","PF3D7_0214000",454.840503580713,704.040259851605,359.170312055137,526.253762582911,247.340958746873,350.174153660446,452.352778626742,551.128313542349,447.505335124376,425.778320003196,495.86624054781,422.672878263706,397.621871586411,402.222817137266,280.570524763899,425.856777879542,401.042601216983,86.9,89.4,"14","PF02_0131, PFB0635w","T-complex protein 1 subunit theta (CCT8)","","iRBC cytosol [S3] or parasite cell [S69]","PNEP"
"20","PF3D7_0214100",1507.47138329608,1444.18514841355,871.475253281069,1194.51250871994,1438.87914262311,2164.02588485125,1249.35529335005,1428.29950326441,1434.31197155249,946.796527375527,1312.7081388776,1106.53973587699,1005.07785956446,1058.27459066206,914.875097563463,1052.84003605692,1057.94379983406,95.3,95.9,"15","PF02_0132, PFB0640c","protein transport protein SEC31 (SEC31)","","Punctate signal in iRBC cytosol [S70]","PNEP"
"21","PF3D7_0219800",90.9681007161426,27.078471532754,75.1751815929356,221.360709657891,75.2776830968744,22.673146639885,114.883245365522,51.3062393988373,66.2970866850927,39.2164242108207,172.833046497992,46.8809706524885,51.5727377998217,89.5393464862849,35.9196483031068,68.9451035082115,78.0458051606321,68.3,61.9,"96","PF02_0185, PFB0905c","Plasmodium exported protein (PHISTc), unknown function","RNLAQ","","Canonical PEXEL (RxLxE/Q/D) and Relaxed PEXEL (RxLxxE/Q/D)"
"22","PF3D7_0219900",90.9681007161426,221.140850850825,44.5482557587767,0,83.8808468793744,45.34629327977,50.2614198474158,89.3721589528133,38.2483192413996,72.8305021058098,55.5534792314974,58.787248913438,26.7705814533426,38.129676762137,79.8674207661247,49.6229088944453,50.1185712658035,73.8,62.8,"47","PF02_0186, PFB0910w","Plasmodium exported protein, unknown function","RNLIE","","Canonical PEXEL (RxLxE/Q/D) and Relaxed PEXEL (RxLxxE/Q/D)"
"23","PF3D7_0220100",398.526917423101,604.752530898173,506.736409256085,1177.80604006652,557.054854916871,750.733077631748,392.517754998866,602.434552941186,386.308024338136,259.575379300194,267.479714818321,468.809706524886,421.636657890145,367.815562644784,383.280855510801,429.589474566293,436.774415627875,92.1,87.6,"1","PF02_0188, PFB0920w","DnaJ protein, putative","RSLCE","","Canonical PEXEL (RxLxE/Q/D) and Relaxed PEXEL (RxLxxE/Q/D)"
"24","PF3D7_0220300",25.9908859188979,4.51307858879234,64.0381176532415,0,38.7142370212497,20.1539081243422,9.57360378046016,14.8953598254689,36.9733752666863,13.0721414036069,82.3014507133295,46.8809706524885,50.3916827357036,63.683602613279,87.4817240930505,63.8949844614317,69.5830070106841,51.1,64.4,"39","PF02_0190, PFB0923c","Plasmodium exported protein, unknown function","RTLTE","","Canonical PEXEL (RxLxE/Q/D) and Relaxed PEXEL (RxLxxE/Q/D)"
"25","PF3D7_0220500",60.6454004774284,103.800807542224,38.9797237889296,54.2960231236337,92.4840106618743,163.750503510281,71.8020283534512,145.643518293474,122.394621572479,76.5653996496975,45.2657978923312,124.27177934866,96.4528302363077,139.540532108401,114.793899070067,125.923620579488,137.379423300824,73.3,83.7,"7","PF02_0192, PFB0926c","Plasmodium exported protein (hyp2), unknown function","RTLNY","","Non-canonical PEXELs (RxL, KxLxE/Q/D)"
"26","PF3D7_0220700",112.627172315224,126.366200486185,283.995130462201,325.776138741802,103.237965389999,115.884971714968,210.619283170123,236.670717226895,117.294845673626,197.949569826047,253.076960943488,159.990614131509,129.128687010241,129.077507350453,152.617123204906,135.914073476379,141.610822375798,89.5,81.4,"9","PF02_0194, PFB0932w","Plasmodium exported protein (hyp9), unknown function","RLLVE","","Canonical PEXEL (RxLxE/Q/D) and Relaxed PEXEL (RxLxxE/Q/D)"
"27","PF3D7_0220800",25.9908859188979,0,27.8426598492354,0,2.15079094562498,0,2.39340094511504,0,29.3237114184064,80.3002971935852,8.23014507133295,55.8106793482007,51.179052778449,39.2363428423046,41.8786682980923,30.300714280679,23.9779280915195,48.9,33.4,"28","PF02_0195, PFB0935w","cytoadherence linked asexual protein 2 (CLAG2)","","PVM, iRBC periphery [S101]","PNEP"
"28","PF3D7_0221700",251.245230549346,270.78471532754,144.781831216024,233.890561147961,148.404575248124,367.808823269246,294.38831624915,776.21375090499,177.217212485152,162.468043159114,236.616670800822,254.496697827795,142.120292715539,176.764754804947,199.296113165625,195.856790857722,282.75148929882,87,80.6,"81","PF02_0202, PFB0970c","Plasmodium exported protein, unknown function","RILSD","","Canonical PEXEL (RxLxE/Q/D) and Relaxed PEXEL (RxLxxE/Q/D)"
"29","PF3D7_0222100",0,0,0,16.7064686534258,4.30158189124997,0,0,0,5.09977589885328,18.6744877194384,34.978116553165,8.18556630440276,22.8337312396157,17.4048392608172,8.5247091594931,27.4462991672817,29.7138246153732,0,16.2,"97","PF02_0209, PFB0985c","Pfmc-2TM Maurer's cleft two transmembrane protein","RMLAQ","Maurer's Clefts [S1, S2]","Canonical PEXEL (RxLxE/Q/D) and Relaxed PEXEL (RxLxxE/Q/D)"
"30","PF3D7_0301300",138.618058234122,4.51307858879234,147.566097200948,116.94528057398,47.3174008037496,115.884971714968,71.8020283534512,51.3062393988373,63.7471987356661,97.1073361410797,106.991885927328,126.504206522588,93.6970350866989,82.8993500052795,59.2591432834666,71.2505926382632,61.9664886757308,65.4,75.2,"59","PFC0065c","alpha/beta hydrolase, putative","RYLSE","iRBC cytoskeleton [S4]","Canonical PEXEL (RxLxE/Q/D) and Relaxed PEXEL (RxLxxE/Q/D)"
"31","PF3D7_0301400",8.66362863963263,4.51307858879234,0,4.17661716335644,60.2221464774995,7.55771554662834,98.1294387497166,33.1007996121531,61.1973107862394,82.167745965529,2.05753626783324,75.9025239135529,29.920061624324,98.0908571057615,51.4793116233467,86.8400905652792,43.1602705647351,45.2,76.2,"33","MAL3P8.12, PFC0070c","Plasmodium exported protein, unknown function","RLLEE","","Canonical PEXEL (RxLxE/Q/D) and Relaxed PEXEL (RxLxxE/Q/D)"
"32","PF3D7_0301500",17.3272572792653,85.7484931870544,47.3325217437002,20.8830858167822,105.388756335624,75.5771554662834,172.324868048283,23.1705597285072,77.7715824575126,56.0234631583152,59.6685517671639,60.2755336960567,72.8317289539467,62.4763305258235,87.6472524262446,68.6157479182042,122.522510993137,72.2,66.6,"3","MAL3P8.13, PFC0075c","Plasmodium exported protein, unknown function","RSLYE","","Canonical PEXEL (RxLxE/Q/D) and Relaxed PEXEL (RxLxxE/Q/D)"
"33","PF3D7_0301600",420.185989022182,618.29176666455,233.878342733578,522.077145419555,410.801070614372,1491.38920120133,464.319783352318,491.546874240473,543.126133227875,323.068637546284,384.759282084815,330.399221741348,341.71859855149,454.437334919718,430.125373804715,471.966560480576,318.201210438047,92.8,92.3,"74","MAL3P8.14, PFC0080c","Plasmodium exported protein (hyp1), unknown function","RLLAQ","iRBC cytosol [S13]","Canonical PEXEL (RxLxE/Q/D) and Relaxed PEXEL (RxLxxE/Q/D)"
"34","PF3D7_0301700",207.927087351183,257.245479561163,155.918895155718,41.7661716335644,178.515648486874,78.0963939818262,33.5076132316105,94.3372788946363,325.110713551897,263.310276844082,213.983771854657,297.656956523737,174.402464468099,507.456700760473,294.14384808581,488.873480767621,560.143206436007,91.6,97.9,"9","MAL3P8.15, PFC0085C","Plasmodium exported protein, unknown function","","Maurer's Clefts [S20, 81]","PNEP"
"35","PF3D7_0302500",8.66362863963263,0,0,0,6.45237283687495,2.51923851554278,0,4.96511994182296,7.64966384827993,33.6140778949891,2.05753626783324,2.97656956523737,2.75579514960879,7.646056553885,4.71755749603016,3.51312629341205,2.1627150827645,91,76.4,"27","MAL3P1.5, PFC0120w","cytoadherence linked asexual protein 3.1 (CLAG3.1)","","PVM, iRBC periphery [S84] ","PNEP"
"36","PF3D7_0310400",43.3181431981631,9.02615717758468,128.076235306483,4.17661716335644,32.2618641843748,42.8270547642272,23.9340094511504,0,57.3724788620994,20.5419364913822,65.8411605706636,92.2736565223584,58.2653831631573,57.1442121395616,93.357979921439,57.6372282512915,60.6500534079611,54.9,53,"42","MAL3P4.26, PFC0435w","parasite-infected erythrocyte surface protein","RLLVD","TVN junction protein, iRBC periphery, iRBC cytoplasm and around PV [S11, S12]","Canonical PEXEL (RxLxE/Q/D) and Relaxed PEXEL (RxLxxE/Q/D)"
"37","PF3D7_0312400",4.33181431981631,153.44467201894,33.4111918190825,0,25.8094913474998,93.2118250750828,7.18020283534512,16.5503998060765,16.5742716712732,37.3489754388768,12.3452176069994,11.1621358696401,24.0147863037338,32.5963463612992,21.0220983156432,35.3508333274588,23.8838970009645,66.4,69.7,"9","MAL3P4.8, PFC0525c","glycogen synthase kinase 3 (GSK3)","","Maurer's Clefts [S64] and/or Parasite cell [S66]","PNEP"
"38","PF3D7_0324100",0,0,0,0,0,0,2.39340094511504,0,7.64966384827993,1.86744877194384,2.05753626783324,8.18556630440276,2.75579514960879,22.3345336179272,15.8079558200309,23.9331728738696,31.9705707886927,7.2,29.1,"82","MAL3P7.47, PFC1080c","Pfmc-2TM Maurer's cleft two transmembrane protein","RILAQ","Maurer's Clefts [S1, S2]","Canonical PEXEL (RxLxE/Q/D) and Relaxed PEXEL (RxLxxE/Q/D)"
"39","PF3D7_0401800",329.21788830604,392.637837224933,233.878342733578,175.41792086097,623.729374231245,299.789383349591,299.17511813938,258.186236974794,1190.79767238224,616.258094741467,923.833784257123,528.341097829633,557.457990263721,1580.218556472,780.714383509693,1766.66338479959,1258.32405380672,90.8,99.1,"55","MAL4P1.16, PFD0080c","Plasmodium exported protein (PHISTb), unknown function","RNLSE","iRBC periphery [S7]","Canonical PEXEL (RxLxE/Q/D) and Relaxed PEXEL (RxLxxE/Q/D)"
"40","PF3D7_0402000",64.9772147972447,58.6700216543004,180.97728902003,12.5298514900693,96.7855925531243,377.885777331417,67.0152264632211,51.3062393988373,238.414523271391,98.9747849130236,49.3808704279977,104.179934783308,65.3517135478656,443.370674118042,215.186833152253,423.331718356152,378.569170574343,50.1,79.1,"6","MAL4P1.18, PFD0090c","Plasmodium exported protein (PHISTa), unknown function","RNLSE","PVM [S25]","Canonical PEXEL (RxLxE/Q/D) and Relaxed PEXEL (RxLxxE/Q/D)"
"41","PF3D7_0402100",952.999150359589,537.056352066288,1208.37143745682,563.843317053119,924.840106618743,947.233681844085,722.807085424742,888.75646958631,697.394354168187,862.761332638054,613.145807814304,641.450741308653,540.529534344696,568.122123155113,409.186039655669,622.701635507286,400.384383583098,92.1,87.8,"57","MAL4P1.19, PFD0095c","Plasmodium exported protein (PHISTb), unknown function","RKLYHE","","Canonical PEXEL (RxLxE/Q/D) and Relaxed PEXEL (RxLxxE/Q/D)"
"42","PF3D7_0402400",389.863288783468,252.732400972371,222.741278793883,380.072161865436,240.888585909998,387.962731393588,201.045679389663,251.566077052363,254.988794942664,252.105584212418,259.249569746988,278.309254349694,277.15425504637,252.923502321933,188.619535674609,255.579937845727,260.08999647507,92.3,83.8,"38","MAL4P1.23, PFD0115c","Plasmodium exported protein, unknown function","RILVE","J-dots [S27]","Canonical PEXEL (RxLxE/Q/D) and Relaxed PEXEL (RxLxxE/Q/D)"
"43","PF3D7_0404800",17.3272572792653,13.539235766377,13.9213299246177,83.5323432671288,32.2618641843748,0,7.18020283534512,11.5852798642536,16.5742716712732,7.46979508777536,43.208261624498,60.2755336960567,23.6211012823611,15.6945371369218,24.415429146121,23.1646764971857,29.9018867964831,18.6,7.6,"24","MAL4P1.46, PFD0235c","conserved Plasmodium protein, unknown function","RVLHN","","Non-canonical PEXELs (RxL, KxLxE/Q/D)"
"44","PF3D7_0410000",207.927087351183,324.941658393048,431.561227663149,380.072161865436,344.126551299997,418.193593580101,361.403542712371,259.841276955402,480.653878466922,464.994744214016,479.405950405144,324.446082610873,505.8852524639,563.695458834443,459.42388878006,524.883025275095,634.897923427215,89.9,92.3,"8","MAL4P2.36, PFD0495c","erythrocyte vesicle protein 1 (EVP1)","RIIAE","iRBC [S54]","Non-canonical PEXELs (RxL, KxLxE/Q/D)"
"45","PF3D7_0422000",0,0,0,0,8.60316378249993,0,4.78680189023008,0,3.82483192413996,3.73489754388768,2.05753626783324,20.8359869566616,7.08633038470832,4.3260583133823,2.56568916450763,8.56324534019188,3.10302598831429,47.9,59.6,"45","MAL4P1.202, PFD1035w","steroid dehydrogenase, putative","RDLLE","","Canonical PEXEL (RxLxE/Q/D) and Relaxed PEXEL (RxLxxE/Q/D)"
"46","PF3D7_0424000",138.618058234122,13.539235766377,11.1370639396942,20.8830858167822,146.253784302499,55.4232473419411,134.030452926442,29.7907196509378,44.6230391149662,33.6140778949891,14.4027538748327,23.8125565218989,7.08633038470832,62.1745125039596,14.4837291544786,52.038183221166,43.1602705647351,16.5,54.5,"83","MAL4P1.223, PFD1140w","Plasmodium exported protein (PHISTc), unknown function","RNLSE","","Canonical PEXEL (RxLxE/Q/D) and Relaxed PEXEL (RxLxxE/Q/D)"
"47","PF3D7_0424400",17.3272572792653,0,8.35279795477063,4.17661716335644,4.30158189124997,0,0,1.65503998060765,8.92460782299325,26.1442828072138,4.11507253566647,10.4179934783308,61.4148633341388,9.35635867778033,16.8838899857922,14.711216353663,32.5347573320225,17.4,12.9,"24","3D7Surf4.2, MAL4P1.227, PFD1160w","surface-associated interspersed protein 4.2 (SURFIN 4.2) (SURF4.2)","","Maurer's Clefts, iRBC cytoplasm [S94, S95]","PNEP"
"48","PF3D7_0424500",532.813161337406,812.354145982621,771.241677823821,701.671683443882,410.801070614372,352.693392175989,545.695415486229,801.039350614105,535.476469379595,931.856937199977,462.945660262478,472.530418481432,640.131844751985,537.839714961437,522.904004559975,579.226697626312,667.714774030902,88.2,85.5,"98","MAL4P1.228, PFD1165w","serine/threonine protein kinase, FIKK family (FIKK4.1)","RHLTE","Maurer's Clefts [S29]","Canonical PEXEL (RxLxE/Q/D) and Relaxed PEXEL (RxLxxE/Q/D)"
"49","PF3D7_0424600",446.17687494108,514.490959122327,364.738844024984,204.654241004466,341.975760354372,476.136079437585,583.989830608069,359.143675791861,442.405559225522,384.694447020431,442.370297584146,344.537927176225,273.217404832643,400.512515013371,274.44597643572,484.482072900856,486.516862531459,95.6,93.5,"78","MAL4P1.229, PFD1170c","Plasmodium exported protein (PHISTb), unknown function","RILSE","iRBC periphery [S7]","Canonical PEXEL (RxLxE/Q/D) and Relaxed PEXEL (RxLxxE/Q/D)"
"50","PF3D7_0424700",2703.05213556538,2319.72239463926,2372.19461915486,939.738861755199,1746.44224784749,2229.52608625536,1718.4618785926,2017.49373636073,3033.09171584299,3258.698107042,3125.39759083869,2302.3765587111,2165.26761754977,2859.82636316757,3080.81333740749,2794.80175160596,3206.74228119643,94.8,97.5,"99","MAL4P1.230, PFD1175w","serine/threonine protein kinase, FIKK family (FIKK4.2)","RNLSE","K-dots [S44]","Canonical PEXEL (RxLxE/Q/D) and Relaxed PEXEL (RxLxxE/Q/D)"
"51","PF3D7_0424800",38.9863288783468,4.51307858879234,27.8426598492354,96.0621947571981,36.5634460756247,10.0769540621711,40.6878160669557,86.062078991598,36.9733752666863,20.5419364913822,12.3452176069994,46.8809706524885,79.1306892959096,34.2060424779066,76.3085616024528,51.5990424344895,73.0621573612183,62.1,40.5,"18","MAL4P1.231, PFD1180w","Plasmodium exported protein (PHISTb), unknown function","RILST","","Non-canonical PEXELs (RxL, KxLxE/Q/D)"
"52","PF3D7_0424900",12.9954429594489,40.617707299131,8.35279795477063,8.35323432671288,30.1110732387498,17.6346696087995,40.6878160669557,0,21.6740475701265,56.0234631583152,28.8055077496653,39.4395467393951,16.5347708976528,22.4351396252152,15.8079558200309,42.9260118976285,43.63042601751,93.7,87.7,"18*","MAL4P1.232, PFD1185w","Plasmodium exported protein (PHISTa), unknown function","RNLVQ","","Canonical PEXEL (RxLxE/Q/D) and Relaxed PEXEL (RxLxxE/Q/D)"
"53","PF3D7_0425100",82.3044720765099,49.6438644767157,16.7055959095413,158.711452207545,51.6189826949996,156.192787963652,38.2944151218406,11.5852798642536,36.9733752666863,48.5536680705399,72.0137693741633,77.3908086961716,95.2717751721897,33.4011944196029,32.7746099724201,47.3174197643936,47.0155452774892,52.6,37.3,"41","MAL4P1.235, PFD1200c","Plasmodium exported protein (hyp6), unknown function","RTLTE","","Canonical PEXEL (RxLxE/Q/D) and Relaxed PEXEL (RxLxxE/Q/D)"
"54","PF3D7_0500800",333.549702625856,419.716308757688,206.035682884342,484.487590949347,615.126210448745,561.79018896604,426.025368230477,609.054712863617,1134.70013749486,1025.22937579717,580.225227528973,436.811583698584,394.866076436803,1660.09972625864,1032.23468579804,1409.64192523159,1503.55713797411,43.4,59.9,"100","MAL5P1.9, PFE0040c","mature parasite-infected erythrocyte surface antigen","RILSE","iRBC periphery [S45]","Canonical PEXEL (RxLxE/Q/D) and Relaxed PEXEL (RxLxxE/Q/D)"
"55","PF3D7_0501000",779.726577566936,663.422552552474,980.061626693087,931.385627428486,903.332197162493,997.618452154941,1103.35783569803,802.694390594712,1167.8486808374,1126.07160948214,1065.80378673762,649.636307613056,600.763342614717,1483.43557746098,958.988398359675,1674.66338999086,1206.32486072982,95.5,98.1,"58","MAL5P1.11, PFE0050w","Plasmodium exported protein, unknown function","RVLAE","Maurer’s clefts [S13]","Canonical PEXEL (RxLxE/Q/D) and Relaxed PEXEL (RxLxxE/Q/D)"
"56","PF3D7_0501200",801.385649166018,704.040259851605,556.853196984708,317.422904415089,720.514966784369,1199.15753339836,835.296929845149,681.876472010354,1434.31197155249,857.158986322223,831.244652204628,813.347633701111,950.749326615033,1955.98199369253,1444.56576378439,2392.76836140362,1712.68228336838,93.5,98.5,"68","MAL5P1.13, PFE0060w","parasite-infected erythrocyte surface protein","RTLAD","iRBC surface [S11]","Canonical PEXEL (RxLxE/Q/D) and Relaxed PEXEL (RxLxxE/Q/D)"
"57","PF3D7_0501300",11739.2168067022,10538.0385048301,11100.8684818902,14204.6749725752,10414.1297587162,7661.00432576559,11253.7712439309,8526.76598009063,10910.9705355966,7221.42440110683,7744.5665121243,8962.45096092972,6053.69457364777,10018.0443877132,6733.69259433358,15366.853548171,12345.3418789631,99.9,99.9,"17","MAL5P1.14 PFE0065w","skeleton-binding protein 1 (SBP1)","","Partial co-localisation to Maurer's clefts and partial co-localisation to the iRBC periphery (Knobs) [S56, S57]","PNEP"
"58","PF3D7_0515300",129.954429594489,284.323951093917,141.997565231101,158.711452207545,238.737794964373,214.135273821136,447.565976736512,410.449915190698,191.241596206998,117.649272632462,246.904352139988,322.957797828254,330.695417953055,156.039917303627,264.845333110465,146.453452356615,199.251880885999,52.1,62.2,"18","MAL5P1.153, PFE0765w","phosphatidylinositol 3-kinase (PI3K)","","iRBC cytoplasm [S73]","PNEP"
"59","PF3D7_0532300",2291.52977518283,2355.8270233496,2973.59607189834,3713.01265822387,4759.70036266809,5897.53736488565,3173.64965322254,3210.77756237885,4659.92022757719,3499.59899862276,3563.65281588717,3260.08781632623,2388.0933396467,5353.74867782882,3331.50599802986,5409.99492146122,4092.32709204322,98,99.5,"101","MAL5P1.314, PFE1600w","Plasmodium exported protein (PHISTb), unknown function","RNLCE","iRBC cytosol, partially localised to Maurer’s clefts [S13]","Canonical PEXEL (RxLxE/Q/D) and Relaxed PEXEL (RxLxxE/Q/D)"
"60","PF3D7_0532400",476.499575179794,1092.16501848775,567.990260924403,279.833349944881,789.340277044369,866.618049346716,540.908613595999,516.372473949588,1750.49807728139,928.122039656089,1139.87509237961,1031.38135435475,934.608240738753,1805.7772248116,1329.60633638113,2259.26956225396,1707.13444902563,80.3,96.6,"102","MAL5P1.315, PFE1605w","lysine-rich membrane-associated PHISTb protein","RKLCE","iRBC periphery (Knobs), Partial co-localisation with Maurer's Clefts [S35]","Canonical PEXEL (RxLxE/Q/D) and Relaxed PEXEL (RxLxxE/Q/D)"
"61","PF3D7_0532500",0,0,0,0,0,0,4.78680189023008,1.65503998060765,5.09977589885328,0,8.23014507133295,1.48828478261868,0.393685021372685,8.65211662676461,1.07593416576126,10.1002380935597,12.976290496587,21,76.6,"7","MAL5P1.316, PFE1610w","Plasmodium exported protein, unknown function","RSLSD","","Canonical PEXEL (RxLxE/Q/D) and Relaxed PEXEL (RxLxxE/Q/D)"
"62","PF3D7_0532600",0,0,0,0,0,12.5961925777139,0,0,0,1.86744877194384,0,11.9062782609495,0,2.61575618948697,0,5.15990424344895,0.940310905549784,55.6,91.2,"8","MAL5P1.317, PFE1615c","Plasmodium exported protein, unknown function","RILKQ","iRBC cytosol [S6]","Canonical PEXEL (RxLxE/Q/D) and Relaxed PEXEL (RxLxxE/Q/D)"
"63","PF3D7_0601500",0,9.02615717758468,0,0,15.0555366193749,25.1923851554278,0,0,2.54988794942664,0,6.17260880349971,2.97656956523737,14.5663457907893,2.01212014575921,2.15186833152253,2.30548913005166,2.6328705355394,5.3,10.9,"103","2270.t00299, MAL6P1.19, PFF0075c","Plasmodium exported protein (PHISTb), unknown function","RNLSE","","Canonical PEXEL (RxLxE/Q/D) and Relaxed PEXEL (RxLxxE/Q/D)"
"64","PF3D7_0628400",8.66362863963263,0,0,37.589554470208,4.30158189124997,10.0769540621711,2.39340094511504,0,10.1995517977066,0,0,8.18556630440276,0.393685021372685,1.50909010931941,14.8975499874637,5.59904503012546,12.2240417721472,24.1,12.9,"6","MAL6P1.144, PFF1377w","conserved Plasmodium membrane protein, unknown function","RSLYF","","Non-canonical PEXELs (RxL, KxLxE/Q/D)"
"65","PF3D7_0701600",0,0,8.35279795477063,0,4.30158189124997,15.1154310932567,26.3274103962654,0,25.4988794942664,18.6744877194384,57.6110154993306,31.2539804349924,20.4716211113796,44.2666432067026,26.4845333110465,74.8735041283444,68.5486650145793,28.8,59,"69","MAL7P1.5","Pfmc-2TM Maurer's cleft two transmembrane protein","RMLAQ","Maurer's Clefts [S1, S2]","Canonical PEXEL (RxLxE/Q/D) and Relaxed PEXEL (RxLxxE/Q/D)"
"66","PF3D7_0701900",82.3044720765099,144.418514841355,50.1167877286238,91.8855775938417,12.9047456737499,78.0963939818262,57.4416226827609,170.469118002588,89.2460782299325,85.9026435094167,166.660437694492,84.0880902179557,58.2653831631573,92.0544966684839,55.1209349536156,69.4940294915572,58.8634626874165,78.8,60.1,"58","PF07_0004","Plasmodium exported protein, unknown function","RILIQ","","Canonical PEXEL (RxLxE/Q/D) and Relaxed PEXEL (RxLxxE/Q/D)"
"67","PF3D7_0702400",333.549702625856,767.223360094698,214.388480839113,484.487590949347,645.237283687495,901.887388564315,315.928924755185,350.868475888823,698.6692981429,668.546660355895,594.627981403805,500.063686959878,551.946399964504,1001.43219654436,649.69870778661,1186.11926481324,1185.35592753606,99.3,99.9,"18","PF07_0007","small exported membrane protein 1 (SEMP1)","","Maurer's Clefts [S56]","PNEP"
"68","PF3D7_0702500",420.185989022182,333.967815570633,400.93430182899,442.721419315783,589.316719101246,380.40501584696,469.106585242548,584.229113154502,1190.79767238224,599.451055793973,728.367838812966,491.878120655475,355.103889278161,1381.01866204183,690.087621085956,1545.66578390463,1005.66251348549,95.3,99.4,"32","PF07_0008","Plasmodium exported protein, unknown function","RILKS","Maurer's Clefts [S56, S57]","Non-canonical PEXELs (RxL, KxLxE/Q/D)"
"69","PF3D7_0718100",0,0,0,0,0,2.51923851554278,0,23.1705597285072,15.2993276965599,11.204692631663,0,3.72071195654671,0,15.29211310777,12.7456816559411,12.1861568302731,25.8585499026191,18.3,27.1,"40","MAL7P1.91","exported serine/threonine protein kinase (EST)","","iRBC periphery [S109]","PNEP"
"70","PF3D7_0718300",0,9.02615717758468,0,0,0,0,0,0,1.27494397471332,0,0,0,0.393685021372685,6.84120849558132,10.7593416576126,2.85441511339729,6.67620742940347,12.7,10.9,"30","MAL7P1.92","cysteine repeat modular protein 2 (CRMP2)","","Maurer's Clefts [S102]","PNEP"
"71","PF3D7_0719800",207.927087351183,270.78471532754,13.9213299246177,100.238811920555,301.110732387498,110.846494683882,28.7208113413805,26.4806396897225,40.7982071908263,119.516721404406,43.208261624498,79.6232358700996,46.8485175433495,65.4945107444623,110.241869907231,48.0859161410775,48.143918364149,67.8,68.8,"12","PF07_0081","conserved protein, unknown function","KLIEE","","Non-canonical PEXELs (RxL, KxLxE/Q/D)"
"72","PF3D7_0721100",177.604387112469,166.983907785317,36.1954578040061,16.7064686534258,12.9047456737499,60.4617243730267,57.4416226827609,9.93023988364593,34.4234873172597,42.9513217547083,20.5753626783324,61.7638184786754,18.5031960045162,55.0314859865144,42.0441966312863,82.8878234851906,61.3082710418459,68.4,80.1,"4","PF07_0087","conserved Plasmodium protein, unknown function","RKLLS","","Non-canonical PEXELs (RxL, KxLxE/Q/D)"
"73","PF3D7_0726100",844.703792364181,929.694189291222,1467.30817405471,597.256254359971,742.022876240619,687.752114743179,806.576118503768,1376.99326386557,532.926581430168,493.006475793174,444.427833851979,584.151777177834,610.605468149034,430.996135221623,335.443167217724,413.341265459262,413.548736260795,96.9,91.8,"105","PF07_0107","Plasmodium exported protein, unknown function","RSLYE","","Canonical PEXEL (RxLxE/Q/D) and Relaxed PEXEL (RxLxxE/Q/D)"
"74","PF3D7_0730900",1273.553410026,1101.19117566533,1581.46307943657,1269.69161766036,1516.30761666561,1957.44832657674,1366.63193966069,1342.23742427281,2027.16091979418,1917.86988878632,2026.67322381574,1522.51533261891,1725.91513369785,2334.86421713899,2305.14756806021,2313.50344940851,2623.74951975556,89.7,97.3,"106","MAL7P1.171","EMP1-trafficking protein","RSLTE","iRBC cytosol, partially localised to Maurer’s clefts [S13]","Canonical PEXEL (RxLxE/Q/D) and Relaxed PEXEL (RxLxxE/Q/D)"
"75","PF3D7_0731100",2035.95273031367,1511.88132724543,2397.25301301917,3445.70915976906,1688.37089231561,2111.12187602485,1852.49233151904,2055.55965591471,1659.97705507674,1611.60829018753,1997.86771606607,1376.66342392228,1262.94154856357,1384.43926628962,1490.41711207914,1291.40326841894,1296.87680093426,98.1,96,"84","MAL7P1.172","EMP1-trafficking protein","RNLGE","iRBC exosome-like vesicles [S39]","Canonical PEXEL (RxLxE/Q/D) and Relaxed PEXEL (RxLxxE/Q/D)"
"76","PF3D7_0731200",8.66362863963263,31.5915501215464,5.56853196984709,8.35323432671288,8.60316378249993,37.7885777331417,78.9822311887963,43.031039495799,16.5742716712732,29.8791803511014,45.2657978923312,23.0684141305896,36.6127069876597,19.2157473920005,16.8011258191951,13.0644384036261,12.6941972249221,92,81.4,"70","MAL7P1.173","Plasmodium exported protein, unknown function","RLLCE","","Canonical PEXEL (RxLxE/Q/D) and Relaxed PEXEL (RxLxxE/Q/D)"
"77","PF3D7_0731300",4.33181431981631,76.7223360094698,0,62.6492574503466,2.15079094562498,0,23.9340094511504,4.96511994182296,28.0487674436931,0,28.8055077496653,10.4179934783308,1.96842510686342,27.5660459969012,27.5604674768078,24.0429580705387,50.9648510807983,96,97.3,"7","MAL7P1.174","Plasmodium exported protein (PHISTb), unknown function","RILSE","","Canonical PEXEL (RxLxE/Q/D) and Relaxed PEXEL (RxLxxE/Q/D)"
"78","PF3D7_0731700",0,0,0,0,0,0,35.9010141767256,0,8.92460782299325,0,6.17260880349971,11.9062782609495,8.26738544882638,18.6121113482727,6.37284082797057,8.89260093019926,13.258383768252,34.9,17.7,"52","MAL7P1.177","Plasmodium exported protein (hyp9), unknown function","RLLSQ","","Canonical PEXEL (RxLxE/Q/D) and Relaxed PEXEL (RxLxxE/Q/D)"
"79","PF3D7_0800800",12.9954429594489,0,0,16.7064686534258,10.7539547281249,0,4.78680189023008,0,10.1995517977066,3.73489754388768,28.8055077496653,30.509838043683,25.1958413678518,29.7793781572363,31.0365624738826,25.9093064139139,41.7498042064104,28.7,34,"6","MAL8P1.161","Plasmodium exported protein (hyp7), unknown function","RSLSS","","Non-canonical PEXELs (RxL, KxLxE/Q/D)"
"80","PF3D7_0801000",1260.55796706655,1877.44069293761,1957.33898740125,1633.05731087237,1798.06123054249,1660.17818174269,1550.92381243455,2562.00188998065,1575.83075274566,971.073361410797,1841.49495971075,965.896823919526,836.580670416955,1471.66467460829,1041.7525649567,1680.921146201,1137.77619571524,94.6,95,"11","PF08_0137","Plasmodium exported protein (PHISTc), unknown function","RNLGA","J-dots [S27]","Non-canonical PEXELs (RxL, KxLxE/Q/D)"
"81","PF3D7_0807700",47.6499575179794,72.2092574206774,119.723437351712,16.7064686534258,32.2618641843748,166.269742025823,62.228424572991,31.4457596315454,130.044285420759,91.5049898252482,80.2439144454962,102.691650000689,89.7601848729721,102.718733441008,151.044604039562,101.88066250895,144.149661820782,38.1,34.1,"107","MAL8P1.126","serine protease DegP","RILND","iRBC cytosol [S47]","Canonical PEXEL (RxLxE/Q/D) and Relaxed PEXEL (RxLxxE/Q/D)"
"82","PF3D7_0814100",4.33181431981631,49.6438644767157,38.9797237889296,41.7661716335644,27.9602822931248,22.673146639885,11.9670047255752,31.4457596315454,26.7738234689797,50.4211168424837,45.2657978923312,40.9278315220138,39.7621871586411,24.3466537636864,40.0578566329579,49.1837681077687,34.5094102336771,59.6,54,"34","MAL8P1.93","conserved Plasmodium protein, unknown function","RFLTD","","Canonical PEXEL (RxLxE/Q/D) and Relaxed PEXEL (RxLxxE/Q/D)"
"83","PF3D7_0822600",875.026492602895,988.364210945522,1019.04135048202,1131.86325126959,699.00705732812,322.462529989476,921.45936386929,714.977271622507,777.715824575126,1071.91559509576,683.102040920635,745.630676091961,581.866461588828,670.237220552393,509.330681238063,657.064402064723,568.229880223735,94.7,94.4,"13","PF08_0036","protein transport protein SEC23 (SEC23)","","Maurer's Clefts [S68]","PNEP"
"84","PF3D7_0830400",125.622615274673,261.758558149956,309.053524326513,54.2960231236337,354.880506028122,750.733077631748,301.568519084495,248.255997091148,405.432183958836,80.3002971935852,271.594787353987,181.570743479479,148.812938078875,435.825223571445,265.672974776435,755.431938280261,353.744962667829,96,95.5,"16","PF08_0004","conserved Plasmodium protein, unknown function","","Maurer's Clefts [S87]","PNEP"
"85","PF3D7_0830500",1815.03020000303,2179.8169583867,2294.235171577,1729.11950562957,1432.42676978624,1680.33208986703,1234.99488767936,1102.2566270847,1146.17463326728,950.531424919415,857.99262368646,762.001808700766,708.23935344946,709.473563394698,682.804374425418,769.923584240585,714.542257127281,96.8,85.8,"16","PF08_0003","sporozoite and liver stage tryptophan-rich protein, putative (TryThrA)","","Punctate signal in iRBC cytosol [S56]","PNEP"
"86","PF3D7_0830600",1100.28083723334,555.108666421458,955.003232828775,1307.28117213057,658.142029361245,534.078565295069,806.576118503768,623.950072689086,646.396595179654,606.920850881748,742.770592687798,491.878120655475,518.089488126453,509.871244935384,375.749316350472,539.923597218765,398.879886134219,95.8,91.6,"77","MAL8P1.4","Plasmodium exported protein (PHISTc), unknown function","RILYE","","Canonical PEXEL (RxLxE/Q/D) and Relaxed PEXEL (RxLxxE/Q/D)"
"87","PF3D7_0830700",0,18.0523143551694,86.3122455326298,16.7064686534258,21.5079094562498,2.51923851554278,43.0812170120707,46.3411194570143,91.7959661793591,117.649272632462,80.2439144454962,72.1818119570062,25.1958413678518,92.0544966684839,89.219771591588,79.2649119951095,36.7661564069966,85.2,92.4,"11","MAL8P1.3","Plasmodium exported protein (hyp9), unknown function","RSLAL","","Non-canonical PEXELs (RxL, KxLxE/Q/D)"
"88","PF3D7_0830900",363.87240286457,13.539235766377,22.2741278793883,0,70.9761012056245,25.1923851554278,69.4086274083361,1.65503998060765,73.9467505333726,91.5049898252482,98.7617408559953,133.201488044372,40.9432422227592,136.824169911626,92.6131024220658,203.541754624561,259.055654478966,65.1,89.6,"86","2255.m00020, PF08_0001, PFH0015w","Plasmodium exported protein, unknown function","RLLIE","","Canonical PEXEL (RxLxE/Q/D) and Relaxed PEXEL (RxLxxE/Q/D)"
"89","PF3D7_0831200",47.6499575179794,166.983907785317,175.408757050183,37.589554470208,58.0713555318746,188.942888665708,76.5888302436812,134.05823842922,189.966652232285,211.021711229654,246.904352139988,122.039352174732,190.149865323007,157.649613420234,130.519090723501,96.2816174788241,102.681950886036,86.3,70.4,"25","MAL8P1.204","DnaJ protein, putative","RYLYA","","Non-canonical PEXELs (RxL, KxLxE/Q/D)"
"90","PF3D7_0831400",64.9772147972447,207.601615084448,38.9797237889296,33.4129373068515,303.261523333123,131.000402808225,93.3426368594865,112.54271868132,192.516540181711,84.0351947374728,199.581017979824,159.246471740199,94.878090150817,394.174336554229,261.286473946793,456.706418143567,333.058122745734,76.4,90.8,"55","MAL8P1.206","Plasmodium exported protein, unknown function","RLLTE","","Canonical PEXEL (RxLxE/Q/D) and Relaxed PEXEL (RxLxxE/Q/D)"
"91","PF3D7_0831500",125.622615274673,230.167008028409,114.154905381865,258.950264128099,367.785251701872,279.635475225249,143.604056706902,435.275514899813,136.419005294325,233.43109649298,312.745512710652,183.803170653408,104.720215685134,189.843535752382,194.081970670013,179.059655767346,170.572398266731,89.3,77.1,"33","null","Plasmodium exported protein (PHIST), unknown function","RNLSD","","Canonical PEXEL (RxLxE/Q/D) and Relaxed PEXEL (RxLxxE/Q/D)"
"92","PF3D7_0831600",86.6362863963263,67.6961788318851,11.1370639396942,29.2363201434951,53.7697736406246,0,47.8680189023008,11.5852798642536,66.2970866850927,76.5653996496975,28.8055077496653,68.4611000004595,56.2969580562939,67.7078429047974,88.3093657590207,45.5608566176876,88.2011629405698,69.5,43.9,"29","MAL7P1.229","cytoadherence linked asexual protein 8 (CLAG8)","","PVM, iRBC periphery [S101]","PNEP"
"93","PF3D7_0831800",0,13.539235766377,33.4111918190825,4.17661716335644,6.45237283687495,2.51923851554278,0,0,2.54988794942664,0,0,1.48828478261868,0,1.60969611660737,7.53153916032885,5.59904503012546,2.6328705355394,99.9,100,"108","MAL7P1.231","histidine-rich protein II","RLLHE","Maurer's Clefts, iRBC periphery [S49]","Canonical PEXEL (RxLxE/Q/D) and Relaxed PEXEL (RxLxxE/Q/D)"
"94","PF3D7_0901700",0,18.0523143551694,0,0,12.9047456737499,128.481164292682,0,1.65503998060765,29.3237114184064,20.5419364913822,30.8630440174985,35.7188347828484,16.1410858762801,44.4678552212786,10.1799924914335,57.0883022679459,78.609991703962,64.5,66.3,"50","PFI0085c","Plasmodium exported protein (hyp5), unknown function","RCLTE","","Canonical PEXEL (RxLxE/Q/D) and Relaxed PEXEL (RxLxxE/Q/D)"
"95","PF3D7_0901800",8.66362863963263,0,8.35279795477063,0,17.2063275649999,5.03847703108556,45.4746179571857,23.1705597285072,11.4744957724199,41.0838729827645,0,2.23242717392803,12.9916057052986,33.3005884123149,34.0988366379724,28.8735067239803,45.6991100097195,24.2,67.6,"49","PFI0086w","Plasmodium exported protein, unknown function","RSLAE","","Canonical PEXEL (RxLxE/Q/D) and Relaxed PEXEL (RxLxxE/Q/D)"
"96","PF3D7_0902000",30.3227002387142,180.523143551694,61.2538516683179,104.415429083911,105.388756335624,5.03847703108556,40.6878160669557,72.8217591467368,58.6474228368128,98.9747849130236,86.4165232489959,75.9025239135529,54.3285329494305,67.8084489120854,26.8155899774346,77.3985636517343,69.5830070106841,92,88.4,"7","PFI0095c","serine/threonine protein kinase, FIKK family (FIKK9.1)","RSLCA","Maurer's Clefts [S29]","Non-canonical PEXELs (RxL, KxLxE/Q/D)"
"97","PF3D7_0902200",168.940758472836,379.098601458556,186.545820989877,54.2960231236337,152.706157139374,83.1348710129117,93.3426368594865,43.031039495799,101.995517977066,95.2398873691359,133.73985740916,145.851908696631,270.461609683034,123.041146913176,97.661716584484,116.811449255951,159.476729581243,85.1,84.4,"26","PFI0105c","serine/threonine protein kinase, FIKK family (FIKK9.3)","RSLSV","Maurer's Clefts [S37]","Non-canonical PEXELs (RxL, KxLxE/Q/D)"
"98","PF3D7_0902300",181.936201432285,103.800807542224,128.076235306483,87.7089604304852,212.928303616873,196.500604212337,105.309641585062,142.333438332258,209.090811852985,250.238135440475,386.816818352648,207.615727175306,298.413246200495,213.284735450476,241.340309796911,176.205240653948,209.689331937602,86.7,87.9,"45","PFI0110c","serine/threonine protein kinase, FIKK family (FIKK9.4)","RKLAE","Maurer's clefts [S30]","Canonical PEXEL (RxLxE/Q/D) and Relaxed PEXEL (RxLxxE/Q/D)"
"99","PF3D7_0902500",220.922530310632,31.5915501215464,33.4111918190825,200.477623841109,126.896665791874,15.1154310932567,11.9670047255752,112.54271868132,100.720574002352,70.9630533338659,273.65232362182,110.877216305092,72.8317289539467,79.8811697866407,84.3366857623638,61.9188509213874,74.5666548100979,90,80.4,"72","PFI0120c","serine/threonine protein kinase, FIKK family (FIKK9.6)","RYLSE","Maurer's Clefts [S37]","Canonical PEXEL (RxLxE/Q/D) and Relaxed PEXEL (RxLxxE/Q/D)"
"100","PF3D7_0904900",12.9954429594489,49.6438644767157,0,0,0,0,11.9670047255752,0,17.8492156459865,33.6140778949891,8.23014507133295,11.1621358696401,18.5031960045162,35.3127085580741,27.3121749770167,20.7494021704649,72.3099086367784,32.2,35.3,"33","PFI0240c","copper-transporting ATPase (CuTP)","","Parasite and iRBC periphery [S105]","PNEP"
"101","PF3D7_0905400",0,0,0,4.17661716335644,0,0,0,3.31007996121531,3.82483192413996,1.86744877194384,0,0,0,87.1248023113738,36.581761635883,55.1121687279016,31.6884775170277,95.2,84.9,"12","PFI0265c","high molecular weight rhoptry protein 3 (RhopH3)","","PVM and iRBC periphery [S60, S67]","PNEP"
"102","PF3D7_0911300",0,4.51307858879234,0,0,2.15079094562498,0,2.39340094511504,4.96511994182296,6.37471987356661,1.86744877194384,30.8630440174985,28.277410869755,0,6.33817845914151,10.4282849912246,6.25775621014022,0.282093271664935,6.5,7.8,"31","PFI0550w","cysteine repeat modular protein 1 (CRMP1)","","Maurer's Clefts [S102]","PNEP"
"103","PF3D7_0911900",1455.48961145828,1430.64591264717,1244.56689526082,1240.45529751686,1593.73609070811,1768.50543791103,1297.22331225235,1607.04382117003,1118.12586582358,1084.98773649937,1475.25350403643,1067.1001891376,1107.82965014273,1160.38968805934,1023.37891997216,1049.10733937017,1031.89718775033,97.3,96.7,"34","PFI0580c","Falstatin (Inhibitor of cysteine protease)","","PV and puctated staining in iRBC cytoplasm [S106, S107]","PNEP"
"104","PF3D7_0929400",69.309029117061,36.1046287103387,8.35279795477063,83.5323432671288,12.9047456737499,5.03847703108556,23.9340094511504,8.27519990303827,75.2216945080859,87.7700922813605,22.6328989461656,90.7853717397397,42.1242972868773,91.3502546174682,152.451594871712,66.9689699681673,60.8381155890711,92,80.3,"1","PFI1445w","high molecular weight rhoptry protein 2 (RhopH2)","","PVM and iRBC periphery [S59, S60]","PNEP"
"105","PF3D7_1001400",1017.97636515683,785.275674449867,993.982956617705,1394.99013256105,866.768751086868,1458.63910049927,983.687788442281,951.647988849401,771.341104701559,522.885656144275,876.510450096959,671.216436961027,657.453985692383,688.245695856938,742.311810208676,662.44387670151,662.449032959823,92.6,92.9,"112","PF10_0018","alpha/beta hydrolase, putative","RSLGE","iRBC cytosol [S4]","Canonical PEXEL (RxLxE/Q/D) and Relaxed PEXEL (RxLxxE/Q/D)"
"106","PF3D7_1001600",30.3227002387142,9.02615717758468,100.233575457248,4.17661716335644,70.9761012056245,5.03847703108556,40.6878160669557,3.31007996121531,24.2239355195531,13.0721414036069,30.8630440174985,19.3477021740429,40.9432422227592,32.1939223321474,49.9067924580033,31.6181366407085,22.003275189865,65.3,63.7,"5","PF10_0020","alpha/beta hydrolase, putative","RKLAE","iRBC cytoskeleton [S4]","Canonical PEXEL (RxLxE/Q/D) and Relaxed PEXEL (RxLxxE/Q/D)"
"107","PF3D7_1001700",64.9772147972447,112.826964719808,97.449309472324,167.064686534258,103.237965389999,90.6925865595401,47.8680189023008,168.814078021981,91.7959661793591,42.9513217547083,63.7836243028303,81.1115206527183,96.4528302363077,99.398735200505,69.108079108512,76.6300672750504,81.3368933300564,95.2,92.6,"34","PF10_0021","Plasmodium exported protein (PHISTc), unknown function","KILCE","","Non-canonical PEXELs (RxL, KxLxE/Q/D)"
"108","PF3D7_1001800",0,27.078471532754,41.7639897738531,91.8855775938417,77.4284740424994,95.7310635906256,52.6548207925309,26.4806396897225,42.0731511655396,39.2164242108207,102.876813391662,109.388931522473,56.2969580562939,32.5963463612992,12.9939741557322,38.5346040308635,30.466073339813,91.1,74,"15","PF10_0022","Plasmodium exported protein (PHISTc), unknown function","RTLSD","","Canonical PEXEL (RxLxE/Q/D) and Relaxed PEXEL (RxLxxE/Q/D)"
"109","PF3D7_1001900",576.13130453557,695.01410267402,509.520675241008,584.726402869901,389.293161158122,410.635878033473,356.616740822141,357.488635811253,419.456567680683,336.140778949891,323.033194049818,437.555726089893,418.093492697791,351.21557144227,323.856183894141,423.112147962814,375.184051314364,95,87.7,"54","PF10_0023","Plasmodium exported protein (hyp16), unknown function","RFLSE","Lumen of Maurer's Clefts [S2]","Canonical PEXEL (RxLxE/Q/D) and Relaxed PEXEL (RxLxxE/Q/D)"
"110","PF3D7_1002000",125.622615274673,148.931593430147,180.97728902003,33.4129373068515,51.6189826949996,95.7310635906256,64.621825518106,134.05823842922,49.7228150138195,84.0351947374728,12.3452176069994,33.4864076089204,114.168656198079,26.2581679021577,33.3539591385992,28.9832919206494,30.2780111587031,89,59.4,"26","PF10_0024","Plasmodium exported protein (hyp2), unknown function","RLLAE","","Canonical PEXEL (RxLxE/Q/D) and Relaxed PEXEL (RxLxxE/Q/D)"
"111","PF3D7_1002100",1087.28539427389,1110.21733284292,1197.23437351712,1261.33838333364,1114.10970983374,924.5605352042,658.185259906636,935.097589043325,877.161454602765,412.706178599589,932.063929328456,648.892165221746,704.696188257105,683.819031536268,469.355588771703,762.458190867085,543.96985886055,98.4,94.3,"113","PF10_0025","EMP1-trafficking protein","RLLSE","","Canonical PEXEL (RxLxE/Q/D) and Relaxed PEXEL (RxLxxE/Q/D)"
"112","PF3D7_1002300",0,0,0,0,4.30158189124997,30.2308621865134,38.2944151218406,13.2403198448612,17.8492156459865,0,34.978116553165,5.95313913047474,16.1410858762801,15.392719115058,28.305344976181,6.5871118001476,14.7628812171316,24.5,11.4,"27","PF10_0027","conserved Plasmodium protein, unknown function","RNLYI","","Non-canonical PEXELs (RxL, KxLxE/Q/D)"
"113","PF3D7_1007000",121.290800954857,18.0523143551694,0,0,17.2063275649999,108.32725616834,160.357863322708,19.8604797672919,19.1241596206998,39.2164242108207,30.8630440174985,33.4864076089204,9.05475549157175,34.2060424779066,28.1398166429869,20.9689725638032,25.5764566309541,57.6,69.8,"2","PF10_0070","conserved membrane protein, unknown function","RILSV","","Non-canonical PEXELs (RxL, KxLxE/Q/D)"
"114","PF3D7_1013700",0,0,0,8.35323432671288,0,0,0,0,5.09977589885328,0,0,0,4.33053523509953,4.82908834982211,2.31739666471657,1.6467779500369,10.7195443232675,27.8,0,"16","PF10_0134","conserved Plasmodium protein, unknown function","RILTE","","Canonical PEXEL (RxLxE/Q/D) and Relaxed PEXEL (RxLxxE/Q/D)"
"115","PF3D7_1016300",95.2999150359589,27.078471532754,66.822383638165,50.1194059602773,38.7142370212497,75.5771554662834,124.456849145982,41.3759995151914,182.316988384005,57.8909119302591,121.394639802161,90.7853717397397,173.615094425354,274.25197586698,149.554849040816,237.026239608644,223.888026611404,95.2,97.4,"114","PF10_0159","glycophorin binding protein","RILAE","PVM and RBC vesicles (MCs?) [S51]","Canonical PEXEL (RxLxE/Q/D) and Relaxed PEXEL (RxLxxE/Q/D)"
"116","PF3D7_1016400",186.268015752101,257.245479561163,189.330086974801,497.017442439416,458.118471418121,264.520044131992,550.482217376459,423.69023503556,386.308024338136,306.26159859879,312.745512710652,349.746923915391,395.259761458175,417.8167482669,380.218581346712,397.093056352231,315.568339902508,91.4,93.7,"51","PF10_0160","serine/threonine protein kinase, FIKK family (FIKK10.1)","RCLAE","Maurer's Clefts [S29]","Canonical PEXEL (RxLxE/Q/D) and Relaxed PEXEL (RxLxxE/Q/D)"
"117","PF3D7_1016500",95.2999150359589,0,0,0,2.15079094562498,0,0,1.65503998060765,33.1485433425463,138.191209123844,12.3452176069994,11.9062782609495,35.4316519235416,10.3624187506599,28.0570524763899,17.7852018603985,21.5331197370901,60.1,57.5,"79","PF10_0161","Plasmodium exported protein (PHISTc), unknown function","RILSE","","Canonical PEXEL (RxLxE/Q/D) and Relaxed PEXEL (RxLxxE/Q/D)"
"118","PF3D7_1016600",324.886073986223,0,41.7639897738531,0,4.30158189124997,0,4.78680189023008,1.65503998060765,39.523263216113,3.73489754388768,20.5753626783324,11.9062782609495,51.179052778449,12.3745388964191,3.55885916367188,13.0644384036261,52.8454728918979,90.9,79.4,"10","PF10_0161, PF10_0161a","Plasmodium exported protein (PHISTc), unknown function","RILSE","Punctate signal in iRBC cytosol [S7]","Canonical PEXEL (RxLxE/Q/D) and Relaxed PEXEL (RxLxxE/Q/D)"
"119","PF3D7_1016800",103.963543675591,99.2877289534314,130.860501291407,121.121897737337,111.841129172499,68.019439919655,62.228424572991,143.988478312866,49.7228150138195,57.8909119302591,22.6328989461656,77.3908086961716,20.8653061327523,53.623001884483,32.360789139435,49.6229088944453,31.5944464264728,89.6,71.2,"61","PF10_0163","Plasmodium exported protein (PHISTc), unknown function","RVLTE","","Canonical PEXEL (RxLxE/Q/D) and Relaxed PEXEL (RxLxxE/Q/D)"
"120","PF3D7_1016900",0,0,0,0,2.15079094562498,0,0,0,12.7494397471332,0,0,2.97656956523737,0.393685021372685,27.4654399896132,13.9871441548964,15.1503571403395,2.06868399220953,74.5,78.5,"53","PF10_0164","early transcribed membrane protein 10.3","RALKD","PV (Trophozoites, Gametocytes), iRBC (Schizonts) [S17]","Canonical PEXEL (RxLxE/Q/D) and Relaxed PEXEL (RxLxxE/Q/D)"
"121","PF3D7_1033200",121.290800954857,284.323951093917,487.24654736162,396.778630518862,501.134290330621,1466.1968160459,337.46953326122,226.740477343249,452.605111023229,328.670983862116,283.940004960987,192.73287934912,118.499191433178,655.448137481063,405.627180491997,586.911661393151,587.41222269695,91.2,96.4,"28","PF10_0323","early transcribed membrane protein 10.2","RNLIL","iRBC cytosol [S2]","Non-canonical PEXELs (RxL, KxLxE/Q/D)"
"122","PF3D7_1038700",0,4.51307858879234,19.4898618944648,0,4.30158189124997,0,7.18020283534512,122.472958564966,19.1241596206998,1.86744877194384,4.11507253566647,9.67385108702145,7.48001540608101,12.9781749401469,10.9248699908067,6.25775621014022,12.976290496587,62.6,57.9,"17","PF10_0377","Plasmodium exported protein, unknown function","RLLGE","","Canonical PEXEL (RxLxE/Q/D) and Relaxed PEXEL (RxLxxE/Q/D)"
"123","PF3D7_1038800",398.526917423101,248.219322383579,203.251416899419,162.888069370901,333.372596571872,183.904411634623,215.406085060353,218.46527744021,181.042044409292,358.550164213217,104.934349659495,177.105889131623,147.631883014757,134.912655773155,145.664933210756,148.978511880005,108.79397177211,77.9,72.9,"20","PF10_0378","RESA-like protein with PHIST and DnaJ domains","RKLYS","","Non-canonical PEXELs (RxL, KxLxE/Q/D)"
"124","PF3D7_1039000",307.558816706958,627.317923842135,481.678015391773,605.609488686684,817.300559337494,1143.73428605642,339.862934206336,1031.08990791857,982.981804503971,771.256342812806,952.639292006788,1006.82465544154,578.323296396474,1211.29632774704,1149.67703819921,1196.98799928349,1171.9094815867,90.6,94.1,"76","PF10_0380","serine/threonine protein kinase, FIKK family (FIKK10.2)","RHLSD","iRBC [S29]","Canonical PEXEL (RxLxE/Q/D) and Relaxed PEXEL (RxLxxE/Q/D)"
"125","PF3D7_1102300",8.66362863963263,45.1307858879234,2.78426598492354,0,0,0,11.9670047255752,0,29.3237114184064,18.6744877194384,0,8.18556630440276,0.393685021372685,14.6884770640422,7.77983166011991,24.7016692505535,19.1823424732156,22.3,40.3,"116","PF11_0035","Plasmodium exported protein, unknown function","RILCE","","Canonical PEXEL (RxLxE/Q/D) and Relaxed PEXEL (RxLxxE/Q/D)"
"126","PF3D7_1102500",8.66362863963263,0,0,12.5298514900693,8.60316378249993,20.1539081243422,7.18020283534512,0,24.2239355195531,33.6140778949891,8.23014507133295,46.8809706524885,13.3852907266713,44.0654311921267,66.0458049444223,32.2768478207232,27.5511095326087,87.5,80.2,"9","PF11_0037","Plasmodium exported protein (PHISTb), unknown function","RNLYE","iRBC surface [S7]","Canonical PEXEL (RxLxE/Q/D) and Relaxed PEXEL (RxLxxE/Q/D)"
"127","PF3D7_1102900",177.604387112469,4.51307858879234,58.4695856833944,225.537326821248,73.1268921512494,120.923448746053,47.8680189023008,43.031039495799,36.9733752666863,9.3372438597192,26.7479714818321,14.1387054348775,5.90527532059027,16.7005972098014,24.332664979524,32.057277427385,28.0212649853836,68.1,54.3,"1","PF11_0041","Plasmodium exported protein (hyp11), unknown function","RILTE","","Canonical PEXEL (RxLxE/Q/D) and Relaxed PEXEL (RxLxxE/Q/D)"
"128","PF3D7_1106800",160.277129833204,103.800807542224,169.840225080336,37.589554470208,73.1268921512494,103.288779137254,35.9010141767256,24.8255997091148,84.1463023310792,123.251618948293,63.7836243028303,119.062782609495,38.1874470731504,84.4084401145989,106.93130324335,67.627681148182,83.3115462317109,57.9,68.9,"35","PF11_0079","pseudo-tyrosine kinase-like protein","","iRBC [S108]","PNEP"
"129","PF3D7_1121300",0,13.539235766377,19.4898618944648,0,0,17.6346696087995,0,0,5.09977589885328,9.3372438597192,26.7479714818321,5.95313913047474,15.3537158335347,10.7648427798118,5.04861416241824,10.9785196669127,26.328705355394,28.1,25.7,"36","PF11_0220","tyrosine kinase-like protein (TKL2)","","iRBC [S20]","PNEP"
"130","PF3D7_1127000",303.227002387142,189.549300729278,247.799672658195,192.124389514396,352.729715082497,496.289987561928,169.931467103168,77.7868790885598,136.419005294325,125.119067720237,222.21391692599,159.990614131509,241.328918101456,194.471412087628,282.225808095839,170.606195623823,183.736750944428,72.5,67.5,"30","PF11_0281","protein phosphatase, putative","RCLNY","","Non-canonical PEXELs (RxL, KxLxE/Q/D)"
"131","PF3D7_1148900",459.172317900529,243.706243794786,158.703161140642,618.139340176753,361.332878864997,564.309427481583,392.517754998866,228.395517323856,360.80914484387,108.312028772743,417.679862370147,343.049642393607,332.270158038546,360.873748141914,257.562086449927,414.439117425953,417.027886611329,95.2,95.3,"22","PF11_0505","Plasmodium exported protein, unknown function","","Partially exported in P. falciparum. Maurer's Clefts [56]","PNEP"
"132","PF3D7_1149000",753.735691648038,1074.11270413258,857.553923356451,630.669191666822,868.919542032493,554.232473419411,653.398458016406,897.031669489349,1861.41820308145,2293.22709194704,1773.59626287225,1181.69811739924,1423.17135226225,1969.66441068369,2541.4392636947,2217.8805431097,2061.53762932735,31.2,57.6,"21","PF11_0506, PF11_0507","antigen 332, DBL-like protein (Pf332)","","Partially exported in P. falciparum. Maurer's Clefts [56]","PNEP"
"133","PF3D7_1149200",814.381092125467,893.589560580883,779.594475778592,438.544802152426,466.721635200621,717.982976929692,512.187802254618,327.697916160316,497.228150138195,584.511465618422,370.356528209983,262.682264132198,404.70820197112,301.818021863882,270.638824772257,277.317406786214,290.744131995993,95.8,86.1,"59","PF11_0509","ring-infected erythrocyte surface antigen (PHISTb)","RNLYCE","iRBC periphery [S19]","Canonical PEXEL (RxLxE/Q/D) and Relaxed PEXEL (RxLxxE/Q/D)"
"134","PF3D7_1149300",51.9817718377957,31.5915501215464,16.7055959095413,8.35323432671288,53.7697736406246,52.9040088263984,2.39340094511504,14.8953598254689,28.0487674436931,22.4093852633261,8.23014507133295,11.9062782609495,46.4548325219768,11.2678728162516,24.0016083131359,12.5155124202804,7.4284561538433,49.8,32.8,"117","PF11_0510","serine/threonine protein kinase, FIKK family (FIKK11)","RILYE","","Canonical PEXEL (RxLxE/Q/D) and Relaxed PEXEL (RxLxxE/Q/D)"
"135","PF3D7_1149600",515.485904058141,361.046287103387,693.282230245962,781.027409547654,812.998977446244,579.424858574839,521.761406035078,344.248315966392,516.352309758895,530.355451232051,510.268994422643,434.579156524656,362.19021966287,442.565826059738,447.671377123283,451.875869490125,542.559392502226,81.9,82.8,"118","PF11_0513","DnaJ protein, putative","RNLSE","","Canonical PEXEL (RxLxE/Q/D) and Relaxed PEXEL (RxLxxE/Q/D)"
"136","PF3D7_1200800",147.281686873755,45.1307858879234,80.7437135627827,342.482607395228,223.682258344998,486.213033499756,71.8020283534512,259.841276955402,221.840251600118,214.756608773542,228.386525729489,260.44983695827,147.238197993384,226.765940427063,182.577751513027,175.436744277264,228.119425686378,93.3,89.4,"33","2277.t00008, MAL12P1.8, PFL0040c","serine/threonine protein kinase, FIKK family (FIKK12)","KCLSE","Maurer's Clefts [S37]","Non-canonical PEXELs (RxL, KxLxE/Q/D)"
"137","PF3D7_1201000",103.963543675591,117.340043308601,183.761555004954,79.3557261037723,286.055195768123,398.039685455759,169.931467103168,114.197758661928,246.064187119671,160.60059438717,150.200147551826,202.406730436141,124.798151775141,461.278543415299,338.091620548828,477.016679527355,485.106396173134,39.4,73.4,"10","2277.t00010, MAL12P1.10, PFL0050c","Plasmodium exported protein (PHISTb), unknown function","RILSS","PVM and iRBC periphery [S55]","Non-canonical PEXELs (RxL, KxLxE/Q/D)"
"138","PF3D7_1201100",30.3227002387142,45.1307858879234,52.9010537135473,16.7064686534258,172.063275649999,277.116236709706,100.522839694832,84.4070390109904,228.214971473684,98.9747849130236,88.4740595168292,221.010290218875,121.254986582787,314.896802811316,236.622752300881,267.107383495985,193.986139814921,33.6,74.4,"119","2277.t00011, MAL12P1.11, PFL0055c","RESA-like protein with PHIST and DnaJ domains","RYLCE","","Canonical PEXEL (RxLxE/Q/D) and Relaxed PEXEL (RxLxxE/Q/D)"
"139","PF3D7_1201200",402.858731742917,442.281701701649,462.188153497308,392.602013355505,270.999659148748,569.347904512668,361.403542712371,314.457596315454,221.840251600118,177.407633334665,261.307106014821,222.498575001493,283.05953036696,193.465352014748,332.21536472044,200.797124707833,101.365515618267,98.2,94.8,"42","2277.t00012, MAL12P1.12, PFL0060w","Plasmodium exported protein (PHISTa-like), unknown function","RKLAD","","Canonical PEXEL (RxLxE/Q/D) and Relaxed PEXEL (RxLxxE/Q/D)"
"140","PF3D7_1212100",30.3227002387142,31.5915501215464,50.1167877286238,146.181600717475,86.0316378249993,50.3847703108556,57.4416226827609,4.96511994182296,39.523263216113,74.6979508777536,32.9205802853318,95.2502260875958,29.1326915815787,35.614526579938,49.0791507920331,28.7637215273112,45.7931411002745,54.5,61.1,"21","2277.t00121, MAL12P1.120, PFL0600w","peripheral plastid protein 1, putative","RILKE","","Canonical PEXEL (RxLxE/Q/D) and Relaxed PEXEL (RxLxxE/Q/D)"
"141","PF3D7_1227200",125.622615274673,180.523143551694,303.484992356666,392.602013355505,191.420394160624,105.808017652797,253.700500182194,511.407354007765,201.441148004705,203.551916141879,170.775510230159,168.176180435911,212.196226519877,203.626558750832,325.594231392678,196.07636125106,262.064649376725,62.3,72.5,"4","2277.t00263, MAL12P1.263, PFL1315w","potassium channel K1","","iRBC periphery [S63]","PNEP"
"142","PF3D7_1229400",51.9817718377957,189.549300729278,66.822383638165,254.773646964743,133.349038628749,50.3847703108556,105.309641585062,51.3062393988373,49.7228150138195,48.5536680705399,72.0137693741633,46.1368282611792,51.5727377998217,92.3563146903478,84.6677424287518,73.0071557849692,42.8781772930702,93,90.7,"37","2277.t00284, MAL12P1.284, PFL1420w","macrophage migration inhibitory factor","","iRBC[S20]","PNEP"
"143","PF3D7_1237900",376.867845824019,392.637837224933,448.26682357269,689.141831953812,634.48332895937,365.289584753703,548.088816431344,369.073915675507,497.228150138195,364.152510529049,471.175805333811,265.658833697435,459.824104963296,449.708852577184,424.580174642714,372.501172298347,297.326308334842,63.6,57.7,"133","2277.t00367, MAL12P1.365, PFL1835w","conserved Plasmodium protein, unknown function","RNLCYE","","Canonical PEXEL (RxLxE/Q/D) and Relaxed PEXEL (RxLxxE/Q/D)"
"144","PF3D7_1244500",73.6408434368773,9.02615717758468,55.6853196984708,41.7661716335644,15.0555366193749,0,19.1472075609203,4.96511994182296,25.4988794942664,50.4211168424837,55.5534792314974,23.0684141305896,12.9916057052986,19.3163533992884,26.1534766446584,20.8591873671341,25.0122700876243,34.4,30.5,"13","2277.t00427, MAL12P1.425, PFL2135c","conserved Plasmodium protein, unknown function","RDLIK","","Non-canonical PEXELs (RxL, KxLxE/Q/D)"
"145","PF3D7_1252300",186.268015752101,148.931593430147,295.132194401896,254.773646964743,382.840788321247,317.42405295839,382.944151218406,534.577913736272,745.842225207293,422.043422459308,596.685517671639,687.587569569832,533.443203959988,766.517169526971,597.722811163681,1033.84719703317,769.926569464164,97.4,99,"19","2277.t00501, MAL12P1.498, PFL2515c","conserved Plasmodium protein, unknown function","","Maurer's Clefts [S56, S57]","PNEP"
"146","PF3D7_1252500",0,0,0,0,6.45237283687495,0,0,8.27519990303827,12.7494397471332,13.0721414036069,96.7042045881621,40.9278315220138,4.33053523509953,11.4690848308275,36.0851766363009,10.429593683567,5.82992761440866,69.1,60.5,"56","2277.t00503, MAL12P1.500, PFL2525c","Plasmodium exported protein, unknown function","RILEE","","Canonical PEXEL (RxLxE/Q/D) and Relaxed PEXEL (RxLxxE/Q/D)"
"147","PF3D7_1252700",86.6362863963263,121.853121897393,47.3325217437002,91.8855775938417,81.7300559337494,35.2693392175989,86.1624340241414,87.7171189722057,84.1463023310792,145.66100421162,191.350872908491,94.5060836962865,105.113900706507,113.081152191668,152.7826515381,115.054886109245,101.647608889932,87.6,88.3,"120","2277.t00505, MAL12P1.502, PFL2535w","Plasmodium exported protein (PHISTb), unknown function","RTLFE","iRBC periphery [S7]","Canonical PEXEL (RxLxE/Q/D) and Relaxed PEXEL (RxLxxE/Q/D)"
"148","PF3D7_1252800",112.627172315224,99.2877289534314,161.487427125565,150.358217880832,120.444292954999,236.808420461021,167.538066158053,238.325757207502,138.968893243752,171.805287018833,292.17015003232,183.059028262098,202.747786006933,210.568373253701,196.068310668341,185.207626780817,246.737581616263,79.6,78.4,"3","2277.t00506, MAL12P1.503, PFL2540w","Plasmodium exported protein (PHISTb), unknown function","RILCT","","Non-canonical PEXELs (RxL, KxLxE/Q/D)"
"149","PF3D7_1252900",0,9.02615717758468,0,0,0,2.51923851554278,0,0,1.27494397471332,0,0,1.48828478261868,9.44844051294443,0.503030036439803,2.06910416492551,1.09785196669127,2.44480835442944,97.9,88.3,"121","2277.t00507, MAL12P1.504, PFL2545c","Plasmodium exported protein, unknown function","RTLVE","","Canonical PEXEL (RxLxE/Q/D) and Relaxed PEXEL (RxLxxE/Q/D)"
"150","PF3D7_1253000",0,0,0,4.17661716335644,53.7697736406246,47.8655317953128,0,0,7.64966384827993,0,0,5.20899673916539,42.1242972868773,2.71636219677493,31.6986758066588,12.8448680102878,1.03434199610476,97,89.6,"75","2277.t00508, PF12_0010, PFL2550w","gametocyte erythrocyte cytosolic protein","RILSD","iRBC cytosol (gametocytes) [S38]","Canonical PEXEL (RxLxE/Q/D) and Relaxed PEXEL (RxLxxE/Q/D)"
"151","PF3D7_1253100",99.6317293557752,94.7746503646391,359.170312055137,200.477623841109,94.6348016074993,136.03887983931,93.3426368594865,347.558395927607,105.820349901206,39.2164242108207,201.638554247657,125.760064131279,70.4696188257105,135.013261780443,76.8051466020349,125.484479792812,146.124314722437,92.9,87.2,"122","2277.t00509, MAL12P1.506, PFL2555w","Plasmodium exported protein (PHISTa), unknown function","RNLCE","","Canonical PEXEL (RxLxE/Q/D) and Relaxed PEXEL (RxLxxE/Q/D)"
"152","PF3D7_1302000",1719.73028496708,1809.74451410573,1417.19138632608,1428.4030698679,1548.56948084999,1932.25594142131,1754.36289276932,1926.46653742731,1630.65334365834,1712.4505238725,1257.15465964611,1428.00924892263,1340.89118279536,1463.61619402525,1282.01694058785,1802.56314411039,1612.16304756511,99.1,99,"3","PF13_0076","EMP1-trafficking protein","RSLSE","","Canonical PEXEL (RxLxE/Q/D) and Relaxed PEXEL (RxLxxE/Q/D)"
"153","PF3D7_1310500",25.9908859188979,22.5653929439617,36.1954578040061,0,19.3571185106249,17.6346696087995,23.9340094511504,8.27519990303827,22.9489915448398,29.8791803511014,24.6904352139988,26.044983695827,5.90527532059027,33.3005884123149,66.7906824437954,22.3961801205018,63.6590483057204,60.5,63.2,"5","MAL13P1.50","conserved protein, unknown function","","PV, iRBC periphery","PNEP"
"154","PF3D7_1334300",0,0,58.4695856833944,4.17661716335644,15.0555366193749,10.0769540621711,31.1142122864955,8.27519990303827,29.3237114184064,39.2164242108207,119.337103534328,8.18556630440276,4.33053523509953,62.3757245185355,32.7746099724201,68.9451035082115,91.774344381659,14.9,27.4,"23","PF13_0191","MSP7-like protein (MSRP5)","","Partially exported in P. falciparum. Punctated signal in iRBC cytosol [S56]","PNEP"
"155","PF3D7_1334500",4.33181431981631,4.51307858879234,0,0,0,2.51923851554278,0,0,12.7494397471332,0,158.430292623159,17.1152750001149,5.90527532059027,38.330888776713,44.527121629197,32.935559000738,18.4300937487758,51.6,48.8,"3","PF13_0192","MSP7-like protein (MSRP6)","","Punctated staining in iRBC cytosol [S56]","PNEP"
"156","PF3D7_1334600",0,4.51307858879234,0,58.4726402869901,0,2.51923851554278,28.7208113413805,8.27519990303827,7.64966384827993,9.3372438597192,6.17260880349971,5.95313913047474,3.54316519235416,15.0909010931941,14.9803141540607,17.8949870570676,20.0286222882104,16.2,17.6,"35","PF13_0193","MSP7-like protein (MSRP3) ","KLLEE","","Non-canonical PEXELs (RxL, KxLxE/Q/D)"
"157","PF3D7_1334700",164.60894415302,148.931593430147,353.60178008529,254.773646964743,98.9363834987493,141.077356870396,239.340094511504,104.267518778282,163.192828763305,78.4328484216413,123.452176069994,133.201488044372,111.41286104847,143.162348370768,101.965453247529,148.868726683336,137.755547663043,94.4,90.1,"2","PF13_0194","MSP7-like protein (MSRP7)","","iRBC cytosol [S56]","PNEP"
"158","PF3D7_1352900",51.9817718377957,45.1307858879234,38.9797237889296,45.9427887969208,8.60316378249993,2.51923851554278,11.9670047255752,71.1667191661291,33.1485433425463,3.73489754388768,28.8055077496653,50.6016826090353,4.72422025647221,26.9624099531734,49.2446791252271,24.5918840538844,70.3352557351239,94.1,73.6,"64","MAL13P1.268","Plasmodium exported protein, unknown function","RKLAE","","Canonical PEXEL (RxLxE/Q/D) and Relaxed PEXEL (RxLxxE/Q/D)"
"159","PF3D7_1353100",2382.49787589897,2107.60770096602,2555.95617415981,3955.25645369855,3090.6865888631,4499.3599887594,2711.72327081534,2691.09500846805,3651.43954357895,2638.70511475665,2862.03294855603,2541.2462663214,1812.52583839984,4295.1722691449,2286.36010224269,5383.31711867063,3692.69495718456,98.3,98,"124","PF13_0275","Plasmodium exported protein, unknown function","RILTQ","","Canonical PEXEL (RxLxE/Q/D) and Relaxed PEXEL (RxLxxE/Q/D)"
"160","PF3D7_1353200",1620.0985556113,1286.22739780582,2166.15893627052,2092.48519884158,1288.32377642937,1360.3887983931,1653.84005307449,1138.66750665807,795.565040221112,493.006475793174,598.743053939472,572.245498916884,793.669003087332,720.741436210949,576.535184514844,817.899715184994,649.284680282126,99,98.5,"10","PF13_0276","MAHRP2","","Maurer's Clefts tethers [S82]","PNEP"
"161","PF3D7_1370300",13441.61983439,11255.6180004481,13063.7760012613,15720.7870028736,9665.65450963868,10930.9759189401,10751.1570454568,8803.15765685211,12915.1824638459,8293.3399962026,10415.2485877718,6842.3892880894,5854.09626781182,10241.892753929,7539.48452032217,11879.0876351895,9552.14833402749,99.6,99.7,"14","MAL13P1.413","membrane associated histidine-rich protein (MAHRP1)","","Maurer's Clefts [S86, S87]","PNEP"
"162","PF3D7_1372000",142.949872553938,58.6700216543004,103.017841442171,125.298514900693,195.721976051873,105.808017652797,122.063448200867,134.05823842922,219.290363650691,100.842233684967,166.660437694492,177.105889131623,189.362495280261,173.243544549868,151.292896539353,235.269676461938,162.297662297893,78.1,94.5,"125","MAL13P1.470","Plasmodium exported protein (PHISTa), unknown function","RNLSE","","Canonical PEXEL (RxLxE/Q/D) and Relaxed PEXEL (RxLxxE/Q/D)"
"163","PF3D7_1372100",25.9908859188979,0,0,4.17661716335644,0,0,40.6878160669557,56.2713593406602,29.3237114184064,9.3372438597192,8.23014507133295,5.20899673916539,11.4168656198079,12.2739328891312,11.6697474901799,16.1384239103616,14.3867568549117,39.8,34.7,"21","MAL13P1.475","Plasmodium exported protein (PHISTb), unknown function","RSLLG","","Non-canonical PEXELs (RxL, KxLxE/Q/D)"
"164","PF3D7_1372200",18665.7879040885,23594.3748622063,23354.4230815387,20014.3494468041,23237.1453765323,22461.5306045794,21720.113576919,19072.6807365226,22637.9052150097,12732.2657271131,15061.1654805393,11988.8780663848,10354.7034321443,19639.6005007046,10786.9848892561,25447.3303063302,16163.3802798575,98.3,99.5,"126","MAL13P1.480","histidine-rich protein III","RLLHE","","Canonical PEXEL (RxLxE/Q/D) and Relaxed PEXEL (RxLxxE/Q/D)"
"165","PF3D7_1372300",181.936201432285,72.2092574206774,77.9594475778592,288.186584271594,120.444292954999,50.3847703108556,28.7208113413805,105.92255875889,100.720574002352,209.15426245771,115.222030998661,89.2970869571211,107.869695856116,69.8205690578446,74.8188066037064,79.2649119951095,109.73428267766,88.1,80.9,"27","null","Plasmodium exported protein (PHIST), unknown function","RNLAQ","","Canonical PEXEL (RxLxE/Q/D) and Relaxed PEXEL (RxLxxE/Q/D)"
"166","PF3D7_1401100",194.931644391734,49.6438644767157,130.860501291407,542.960231236337,107.539547281249,136.03887983931,160.357863322708,54.6163193600526,131.319229395472,113.914375088574,34.978116553165,66.2286728265315,103.932845642389,67.3054188756456,16.38730498621,51.0501164511439,60.4619912268511,98.5,92.2,"11","PF14_0013","DnaJ protein, putative","RNLSE","","Canonical PEXEL (RxLxE/Q/D) and Relaxed PEXEL (RxLxxE/Q/D)"
"167","PF3D7_1401200",4.33181431981631,18.0523143551694,11.1370639396942,0,12.9047456737499,0,0,0,33.1485433425463,1.86744877194384,0,14.8828478261868,5.51159029921758,17.907869297257,10.4282849912246,33.2649145907454,23.1316482765247,58.5,84.5,"46","PF14_0014","Plasmodium exported protein, unknown function","RSLAE","iRBC cytosol, partially localised to Maurer’s clefts and J-dots [S13]","Canonical PEXEL (RxLxE/Q/D) and Relaxed PEXEL (RxLxxE/Q/D)"
"168","PF3D7_1401300",229.586158950265,166.983907785317,77.9594475778592,192.124389514396,217.229885508123,146.115833901481,86.1624340241414,221.775357401426,216.740475701265,240.900891580755,67.8986968384968,239.613850001608,168.103504126136,337.231336429244,164.369634861682,337.260124167557,281.81117839327,40.3,82.1,"43","PF14_0015","proline aminopeptidase","RILCD","iRBC [S28]","Canonical PEXEL (RxLxE/Q/D) and Relaxed PEXEL (RxLxxE/Q/D)"
"169","PF3D7_1401400",3404.80605537562,3881.24758636141,3157.3576269033,3813.25147014443,2587.40150758686,2655.27739538209,2651.88824718746,2317.05597285072,2409.64411220818,2173.71037054263,2043.1335139584,1382.61656305276,1239.71413230258,2059.0025451554,1261.40866310519,2341.93781534581,1828.05843147934,100,99.9,"25","PF14_0016","early transcribed membrane protein 14.1 (ETRAMP14)","","Maurer's Clefts [S96]","PNEP"
"170","PF3D7_1401600",402.858731742917,519.004037711119,871.475253281069,359.189076048654,518.340617895621,282.154713740791,502.614198474158,562.713593406603,513.802421809468,463.127295442072,430.025079977146,482.204269568454,346.04913378659,479.387624727132,462.982747943732,446.715965246676,383.646849464312,90.9,89.1,"128","PF14_0018","Plasmodium exported protein (PHISTb), unknown function","RSLYE","","Canonical PEXEL (RxLxE/Q/D) and Relaxed PEXEL (RxLxxE/Q/D)"
"171","PF3D7_1425900",298.895188067326,433.255544524064,448.26682357269,463.604505132565,301.110732387498,556.751711934954,368.583745547716,509.752314027158,391.40780023699,341.743125265723,265.422178550488,410.022457611448,470.453600540358,394.073730546941,507.509869572929,433.761312039719,512.375412434078,81.1,85.5,"44","PF14_0239","conserved Plasmodium protein, unknown function","RNLIE","","Canonical PEXEL (RxLxE/Q/D) and Relaxed PEXEL (RxLxxE/Q/D)"
"172","PF3D7_1429600",8.66362863963263,0,5.56853196984709,12.5298514900693,51.6189826949996,5.03847703108556,47.8680189023008,9.93023988364593,6.37471987356661,29.8791803511014,6.17260880349971,8.18556630440276,27.9516365174606,12.8775689328589,9.3523508254633,10.8687344702435,19.0883113826606,66.9,76.1,"22","PF14_0275","conserved Plasmodium protein, unknown function","RLLCT","","Non-canonical PEXELs (RxL, KxLxE/Q/D)"
"173","PF3D7_1439000",4.33181431981631,31.5915501215464,16.7055959095413,0,10.7539547281249,0,11.9670047255752,13.2403198448612,12.7494397471332,26.1442828072138,0,33.4864076089204,3.54316519235416,5.23151237897395,5.46243499540334,4.50119306343419,4.98364779941386,70.7,68.9,"3","PF14_0369","Copper Transporter","","iRBC periphery (Rings), parasite membrane (Schizonts) [S62]","PNEP"
"174","PF3D7_1447700",38.9863288783468,4.51307858879234,16.7055959095413,4.17661716335644,12.9047456737499,27.7116236709706,14.3604056706902,1.65503998060765,2.54988794942664,5.60234631583152,0,46.1368282611792,3.93685021372685,22.4351396252152,9.18682249226926,20.6396169737958,29.0556069814883,35.7,45.1,"5","PF14_0453","conserved Plasmodium protein, unknown function","RLLLF","","Non-canonical PEXELs (RxL, KxLxE/Q/D)"
"175","PF3D7_1448400",77.9726577566936,13.539235766377,25.0583938643119,0,23.6587004018748,35.2693392175989,35.9010141767256,127.438078506789,34.4234873172597,1.86744877194384,8.23014507133295,31.9981228263017,25.1958413678518,59.0557262780328,39.8095641331668,68.505962721535,42.5960840214052,37.2,51.2,"8","PF14_0462","ubiquitin-protein ligase, putative (HRD3)","","iRBC [S81]","PNEP"
"176","PF3D7_1458300",0,0,2.78426598492354,37.589554470208,4.30158189124997,0,4.78680189023008,0,20.3991035954131,1.86744877194384,30.8630440174985,21.5801293479709,1.18105506411805,12.0727208745553,23.6705516467478,11.1980900602509,7.89861160661819,39.6,27.5,"23","PF14_0556","conserved Plasmodium protein, unknown function","RALTY","","Non-canonical PEXELs (RxL, KxLxE/Q/D)"
"177","PF3D7_1467000",34.6545145585305,4.51307858879234,16.7055959095413,96.0621947571981,2.15079094562498,12.5961925777139,4.78680189023008,4.96511994182296,17.8492156459865,18.6744877194384,0,24.5566989132083,43.699037372368,19.3163533992884,22.3463249811955,12.9546532069569,29.6197935248182,26.7,26.6,"12","PF14_0638","conserved Plasmodium membrane protein, unknown function","RLLEG","","Non-canonical PEXELs (RxL, KxLxE/Q/D)"
"178","PF3D7_1476200",125.622615274673,347.50705133701,373.091641979755,66.825874613703,709.761012056245,715.463738414149,301.568519084495,415.415035132521,1137.25002544428,978.543156498573,660.469141974469,675.681291308883,669.658221354936,1394.80168504028,1219.2817023073,1406.89729531486,1259.45242689338,70.5,96.9,"129","PF14_0730, PF14_0731","Plasmodium exported protein (PHISTb), unknown function","RCLSE","iRBC periphery [S7]","Canonical PEXEL (RxLxE/Q/D) and Relaxed PEXEL (RxLxxE/Q/D)"
"179","PF3D7_1476300",77.9726577566936,22.5653929439617,0,0,0,0,2.39340094511504,28.1356796703301,17.8492156459865,0,18.5178264104991,22.3242717392803,20.4716211113796,27.7672580114771,36.0851766363009,34.692122147444,14.3867568549117,57.1,28.6,"54","PF14_0732","Plasmodium exported protein (PHISTb), unknown function","RKLYE","","Canonical PEXEL (RxLxE/Q/D) and Relaxed PEXEL (RxLxxE/Q/D)"
"180","PF3D7_1477500",108.295357995408,297.863186860294,445.482557587767,208.830858167822,720.514966784369,486.213033499756,251.307099237079,597.469432999363,631.097267483094,388.429344564319,545.247110975808,590.849058699618,349.592298978944,749.31354228073,611.213370318995,1055.03573999031,703.728681713459,66.9,88.1,"131","PF14_0746","Plasmodium exported protein (PHISTb), unknown function","RNLSD","iRBC cytosol, partially localised to Maurer’s clefts [S13]","Canonical PEXEL (RxLxE/Q/D) and Relaxed PEXEL (RxLxxE/Q/D)"
"181","PF3D7_1478000",242.581601909713,45.1307858879234,86.3122455326298,71.0024917770595,62.3729374231245,576.905620059297,67.0152264632211,135.713278409828,94.3458541287858,80.3002971935852,131.682321141327,56.55482173951,69.2885637615925,92.7587387194996,31.2848549736737,82.6682530918524,116.410490107063,57.9,42.6,"13*","PF14_0752","Plasmodium exported protein (PHISTa), unknown function","RNLTE","","Canonical PEXEL (RxLxE/Q/D) and Relaxed PEXEL (RxLxxE/Q/D)"
"182","PF3D7_1478100",25.9908859188979,4.51307858879234,30.626925834159,20.8830858167822,19.3571185106249,50.3847703108556,55.0482217376459,8.27519990303827,5.09977589885328,5.60234631583152,20.5753626783324,26.044983695827,56.6906430776666,17.2036272462413,11.6697474901799,11.8568012402657,7.05233179162338,67.6,45,"25*","PF14_0753","Plasmodium exported protein (hyp13), unknown function","RSLAE","","Canonical PEXEL (RxLxE/Q/D) and Relaxed PEXEL (RxLxxE/Q/D)"
"183","PF3D7_1478600",8.66362863963263,27.078471532754,55.6853196984708,29.2363201434951,62.3729374231245,2.51923851554278,19.1472075609203,69.5116791855215,85.4212463057925,57.8909119302591,24.6904352139988,78.8790934787903,38.9748171158958,129.882355408757,142.188838213681,149.417652666681,127.506158792551,63.4,94.9,"132","PF14_0758","EMP1-trafficking protein","RSLYE","","Canonical PEXEL (RxLxE/Q/D) and Relaxed PEXEL (RxLxxE/Q/D)"
"184","PF3D7_1478800",21.6590715990816,31.5915501215464,16.7055959095413,25.0597029801386,58.0713555318746,7.55771554662834,23.9340094511504,19.8604797672919,29.3237114184064,9.3372438597192,6.17260880349971,13.3945630435682,27.1642664747152,33.8036184487547,6.53836916116461,41.7183747342681,25.1063011781792,76.6,79.6,"71","PF14_0760","Plasmodium exported protein, unknown function","RRLSE","","Canonical PEXEL (RxLxE/Q/D) and Relaxed PEXEL (RxLxxE/Q/D)"
